{"text": " Hallo, mein Name ist Anna und ich komme aus Deutschland. Heute m\u00f6chte ich \u00fcber das Thema umweltfreundliches Leben sprechen. In den letzten Jahren ist der Klimawandel zu einem gro\u00dfen Problem geworden.", "segments": [{"id": 0, "seek": 0, "start": 0.0, "end": 3.8200000000000003, "text": " Hallo, mein Name ist Anna und ich komme aus Deutschland.", "tokens": [50365, 21242, 11, 10777, 13866, 1418, 12899, 674, 1893, 31194, 3437, 14802, 13, 50556], "temperature": 0.0, "avg_logprob": -0.07055335740248363, "compression_ratio": 1.2469135802469136, "no_speech_prob": 6.245859298509293e-12}, {"id": 1, "seek": 0, "start": 4.5600000000000005, "end": 8.48, "text": " Heute m\u00f6chte ich \u00fcber das Thema umweltfreundliches Leben sprechen.", "tokens": [50593, 27978, 14570, 1893, 4502, 1482, 16306, 1105, 33458, 19325, 997, 45502, 15399, 27853, 13, 50789], "temperature": 0.0, "avg_logprob": -0.07055335740248363, "compression_ratio": 1.2469135802469136, "no_speech_prob": 6.245859298509293e-12}, {"id": 2, "seek": 0, "start": 9.14, "end": 12.74, "text": " In den letzten Jahren ist der Klimawandel zu einem gro\u00dfen Problem geworden.", "tokens": [50822, 682, 1441, 18226, 13080, 1418, 1163, 25136, 1607, 26406, 2164, 6827, 23076, 11676, 26281, 13, 51002], "temperature": 0.0, "avg_logprob": -0.07055335740248363, "compression_ratio": 1.2469135802469136, "no_speech_prob": 6.245859298509293e-12}], "language": "de"}