{"text": " The viewers of the series can be reminded of their favorite series through music, which helps the story's roots and emotions to live again. In the Dauran-Backer Grounds of events such as Padhe or Workoid,", "segments": [{"id": 0, "seek": 0, "start": 0.0, "end": 5.68, "text": " The viewers of the series can be reminded of their favorite series through music,", "tokens": [50365, 440, 8499, 295, 264, 2638, 393, 312, 15920, 295, 641, 2954, 2638, 807, 1318, 11, 50649], "temperature": 0.0, "avg_logprob": -0.9100147529884621, "compression_ratio": 1.36, "no_speech_prob": 0.24133585393428802}, {"id": 1, "seek": 0, "start": 5.68, "end": 10.24, "text": " which helps the story's roots and emotions to live again.", "tokens": [50649, 597, 3665, 264, 1657, 311, 10669, 293, 8462, 281, 1621, 797, 13, 50877], "temperature": 0.0, "avg_logprob": -0.9100147529884621, "compression_ratio": 1.36, "no_speech_prob": 0.24133585393428802}, {"id": 2, "seek": 0, "start": 10.24, "end": 14.52, "text": " In the Dauran-Backer Grounds of events such as Padhe or Workoid,", "tokens": [50877, 682, 264, 413, 3463, 282, 12, 33, 23599, 2606, 4432, 295, 3931, 1270, 382, 18691, 675, 420, 6603, 17079, 11, 51091], "temperature": 0.0, "avg_logprob": -0.9100147529884621, "compression_ratio": 1.36, "no_speech_prob": 0.24133585393428802}], "language": "Hindi"}