{"text": " Sola Leveling, also known as Uredake Level Up Naken, is an anime series based on the web novel of the same name written by Chugong. The story follows Sung Jin-woo, a once weak E-rank hunter who, after a near-death experience on a raid,", "segments": [{"id": 0, "seek": 0, "start": 0.0, "end": 6.76, "text": " Sola Leveling, also known as Uredake Level Up Naken, is an anime series based on the web novel", "tokens": [50365, 318, 4711, 16872, 278, 11, 611, 2570, 382, 624, 986, 619, 16872, 5858, 426, 9846, 11, 307, 364, 12435, 2638, 2361, 322, 264, 3670, 7613, 50703], "temperature": 0.0, "avg_logprob": -0.14702483191006427, "compression_ratio": 1.3905325443786982, "no_speech_prob": 0.023520592600107193}, {"id": 1, "seek": 0, "start": 6.76, "end": 12.44, "text": " of the same name written by Chugong. The story follows Sung Jin-woo, a once weak E-rank hunter", "tokens": [50703, 295, 264, 912, 1315, 3720, 538, 761, 697, 556, 13, 440, 1657, 10002, 24857, 10617, 12, 17607, 11, 257, 1564, 5336, 462, 12, 20479, 22970, 50987], "temperature": 0.0, "avg_logprob": -0.14702483191006427, "compression_ratio": 1.3905325443786982, "no_speech_prob": 0.023520592600107193}, {"id": 2, "seek": 0, "start": 12.44, "end": 14.86, "text": " who, after a near-death experience on a raid,", "tokens": [50987, 567, 11, 934, 257, 2651, 12, 50000, 1752, 322, 257, 26936, 11, 51108], "temperature": 0.0, "avg_logprob": -0.14702483191006427, "compression_ratio": 1.3905325443786982, "no_speech_prob": 0.023520592600107193}], "language": "en"}